,PLAYER,TEAM,AGE,GP,W,L,MIN,DEF RTG,DREB,DREB%,%DREB,STL,STL%,BLK,%BLK,OPP PTS OFF TOV,OPP PTS 2ND CHANCE,OPP PTS FB,OPP PTS PAINT,DEF WS
0,Tim Duncan,SAS,28,69,51,18,36.6,90.1,9.2,24.7,36.3,0.9,15.7,2.7,49.3,10.7,8.5,7.3,25.9,0.226
1,Keon Clark,UTA,29,2,2,0,14.0,58.0,3.0,20.0,27.3,0.5,20.0,0.0,0.0,4.5,3.0,0.0,2.0,0.224
2,Ben Wallace,DET,29,81,54,27,37.8,93.2,8.4,22.2,35.3,1.8,27.4,3.0,51.1,11.5,9.8,8.2,26.9,0.198
3,Jason Kidd,NJN,31,67,41,26,36.8,93.9,5.1,14.3,21.8,1.8,26.0,0.2,6.3,10.9,8.2,8.4,24.7,0.188
4,Bruce Bowen,SAS,33,82,57,25,32.0,91.2,2.5,7.7,11.5,1.0,20.2,0.4,8.5,9.7,7.7,7.4,23.9,0.188
5,Metta World Peace,IND,24,73,54,19,37.2,94.1,3.9,11.2,17.0,2.1,28.7,0.7,17.9,10.4,8.6,8.5,27.9,0.185
6,Chauncey Billups,DET,27,78,51,27,35.5,93.8,3.1,8.7,13.7,1.1,18.5,0.1,1.9,10.6,9.3,7.4,25.9,0.179
7,Kenyon Martin,NJN,26,65,41,24,34.7,93.9,7.4,21.7,32.6,1.5,24.2,1.3,42.5,10.3,7.8,7.7,24.1,0.175
8,Richard Hamilton,DET,26,78,50,28,35.7,94.4,2.6,7.2,11.4,1.3,22.4,0.2,4.1,10.8,9.4,7.6,26.3,0.175
9,Tony Parker,SAS,22,75,54,21,34.4,94.1,2.6,7.6,11.3,0.8,14.7,0.1,1.9,10.0,8.5,7.2,26.1,0.171
10,Richard Jefferson,NJN,24,82,47,35,38.2,95.8,4.3,11.8,18.1,1.1,15.9,0.3,10.4,11.6,9.2,8.7,26.9,0.170
11,Tayshaun Prince,DET,24,82,54,28,32.9,93.7,3.6,11.0,17.1,0.8,14.2,0.8,16.5,10.1,8.7,7.1,23.7,0.168
12,Steve Francis,HOU,27,79,44,35,40.5,97.0,4.0,9.7,14.9,1.8,30.6,0.4,9.4,13.9,10.7,8.4,25.6,0.164
13,Kevin Garnett,MIN,28,82,58,24,39.5,96.7,10.9,26.5,40.8,1.5,25.3,2.2,44.8,10.3,10.4,8.6,28.4,0.163
14,Lindsey Hunter,DET,33,33,24,9,19.8,84.9,1.6,8.1,13.1,1.2,28.9,0.2,6.7,6.0,4.7,4.2,11.9,0.162
15,Hedo Turkoglu,SAS,25,80,56,24,26.0,90.2,3.8,14.5,21.5,1.0,23.6,0.4,11.5,6.9,6.1,5.3,18.5,0.162
16,Jermaine O'Neal,IND,25,78,57,21,35.8,95.5,7.5,22.1,33.5,0.8,11.5,2.6,62.2,10.3,8.5,8.7,26.6,0.161
17,Manu Ginobili,SAS,26,77,53,24,29.3,92.9,3.4,11.4,17.4,1.8,33.7,0.2,5.3,9.0,7.3,6.6,22.1,0.159
18,Jim Jackson,HOU,33,80,43,37,39.0,97.0,5.4,13.6,20.7,1.1,19.2,0.3,6.3,13.7,10.0,8.6,24.8,0.158
19,Rasho Nesterovic,SAS,28,82,57,25,28.8,92.4,4.6,15.8,23.3,0.6,14.2,2.0,48.2,8.9,6.8,6.6,21.8,0.158
20,Kerry Kittles,NJN,30,82,47,35,34.7,95.6,3.3,9.7,14.9,1.5,23.8,0.5,16.5,11.0,8.4,7.8,24.9,0.157
21,Anthony Carter,SAS,29,5,3,2,17.4,83.2,1.8,8.5,15.0,0.8,21.1,0.0,0.0,6.6,5.2,6.6,12.8,0.155
22,Reggie Miller,IND,38,80,59,21,28.3,92.8,2.1,7.8,11.8,0.8,15.5,0.1,4.5,7.9,6.5,6.5,21.6,0.154
23,Cuttino Mobley,HOU,28,80,44,36,40.4,97.9,4.0,9.9,15.0,1.3,24.3,0.4,9.0,14.5,10.2,8.6,26.2,0.151
24,Jamaal Tinsley,IND,26,52,40,12,26.5,92.8,2.1,8.2,12.1,1.6,30.1,0.3,11.6,7.8,6.2,5.7,19.5,0.146
25,Jason Collins,NJN,25,78,44,34,28.5,93.8,3.3,12.1,18.4,0.9,16.4,0.7,30.8,8.5,6.3,5.9,19.3,0.144
26,Latrell Sprewell,MIN,33,82,58,24,37.8,97.9,3.1,7.9,12.2,1.1,19.4,0.3,5.6,10.4,10.2,8.6,27.8,0.142
27,Jeff Foster,IND,27,82,61,21,23.8,91.6,4.4,19.4,28.4,0.9,19.0,0.3,13.3,6.8,5.3,5.5,18.0,0.140
28,Sam Cassell,MIN,34,81,57,24,35.2,97.3,2.8,7.7,11.8,1.3,24.8,0.2,5.2,9.1,9.2,8.4,25.5,0.139
29,Baron Davis,NOH,25,67,36,31,40.1,98.9,3.3,8.4,13.3,2.4,31.7,0.4,11.7,12.2,11.2,9.2,30.3,0.137
30,Vince Carter,TOR,27,73,33,40,38.2,98.5,3.5,9.2,15.0,1.2,20.8,0.9,22.1,10.5,11.5,8.5,30.3,0.136
31,Yao Ming,HOU,23,82,45,37,32.9,96.8,6.6,19.6,29.8,0.3,6.3,1.9,49.1,11.4,8.4,6.9,20.5,0.135
32,Shaquille O'Neal,LAL,32,67,49,18,36.8,98.4,7.8,20.3,31.1,0.5,8.6,2.5,61.0,10.8,9.5,7.8,27.9,0.132
33,Mehmet Okur,DET,25,71,48,23,22.4,91.4,3.7,16.9,26.2,0.5,12.7,0.9,29.4,6.3,5.6,4.9,15.6,0.131
34,Allen Iverson,PHI,29,48,19,29,42.6,100.6,3.0,6.9,11.4,2.4,31.5,0.1,2.6,13.8,12.2,11.2,33.7,0.125
35,Karl Malone,LAL,40,42,33,9,32.8,98.2,7.3,20.9,32.1,1.2,20.5,0.5,13.0,9.4,8.8,6.6,26.7,0.123
36,Dwyane Wade,MIA,22,61,34,27,35.0,98.9,2.7,7.8,12.1,1.4,26.1,0.6,18.8,11.7,8.8,7.8,25.0,0.121
37,Rasheed Wallace,DET,29,68,40,28,35.2,98.9,5.3,15.4,24.0,0.9,16.5,1.8,44.7,11.6,9.3,8.2,25.9,0.119
38,Kelvin Cato,HOU,29,69,40,29,25.3,95.0,4.6,17.8,27.2,0.8,20.9,1.4,44.0,8.7,6.4,5.6,15.8,0.118
39,Eddie Jones,MIA,32,81,42,39,37.0,99.6,3.3,9.5,14.4,1.1,20.2,0.4,15.2,11.7,8.9,7.3,25.3,0.118
40,Nene,DEN,21,77,40,37,32.6,98.3,4.5,14.2,22.8,1.5,23.3,0.5,13.2,11.0,8.6,9.4,29.7,0.117
41,P.J. Brown,NOH,34,80,40,40,34.5,99.0,5.7,16.6,25.9,1.0,16.6,0.9,30.2,11.2,9.3,7.8,27.0,0.117
42,Chris Bosh,TOR,20,75,29,46,33.6,98.8,4.9,15.2,24.1,0.8,16.2,1.4,37.5,10.0,9.1,7.7,26.3,0.117
43,Kobe Bryant,LAL,25,65,48,17,37.7,100.0,3.9,10.4,16.2,1.7,24.6,0.4,10.9,11.1,10.2,8.8,30.3,0.117
44,Lamar Odom,MIA,24,80,41,39,37.5,99.9,7.7,21.3,32.7,1.1,19.0,0.9,31.3,11.7,9.6,7.7,26.1,0.117
45,Wally Szczerbiak,MIN,27,28,19,9,22.3,93.3,2.3,9.2,14.2,0.4,14.8,0.0,1.7,6.6,6.4,5.1,15.9,0.116
46,Bo Outlaw,MEM,33,82,50,32,19.7,91.0,2.6,13.3,22.8,0.9,20.2,0.9,30.2,5.9,5.6,4.3,13.6,0.116
47,Al Harrington,IND,24,79,58,21,30.9,98.0,4.4,15.5,23.5,1.0,19.0,0.3,9.0,10.0,7.3,7.4,22.3,0.114
48,Jalen Rose,TOR,31,66,26,40,38.1,100.5,3.5,9.3,15.0,0.8,13.4,0.3,7.9,11.5,11.3,8.7,31.0,0.114
49,Eric Snow,PHI,31,82,33,49,36.3,99.8,2.7,7.7,12.2,1.2,19.6,0.1,2.4,12.5,9.9,8.8,27.7,0.113
50,Derek Anderson,POR,29,51,26,25,35.5,99.8,3.1,8.8,14.0,1.3,22.1,0.1,1.2,12.1,9.8,8.7,27.3,0.113
51,Morris Peterson,TOR,26,82,33,49,26.1,96.3,2.8,10.8,17.4,1.1,26.0,0.2,6.6,8.0,7.3,6.2,19.0,0.112
52,Trenton Hassell,MIN,25,81,57,24,27.9,97.2,2.3,8.0,12.2,0.4,11.4,0.7,19.0,7.4,7.1,6.8,20.7,0.112
53,Earl Watson,MEM,25,81,50,31,20.7,92.6,1.6,7.9,13.1,1.1,24.7,0.2,7.9,6.4,5.7,4.7,14.0,0.111
54,Michael Olowokandi,MIN,29,43,28,15,21.5,93.2,3.9,16.2,25.4,0.4,13.3,1.6,56.7,5.2,6.5,4.9,14.9,0.110
55,Rafer Alston,MIA,27,82,42,40,31.5,98.8,2.4,8.1,12.4,1.4,29.6,0.2,8.8,9.4,8.0,5.8,21.4,0.109
56,Gary Payton,LAL,35,82,56,26,34.6,99.9,3.3,9.2,14.2,1.2,20.9,0.2,6.6,9.8,9.6,8.2,27.4,0.108
57,Aaron McKie,PHI,31,75,30,45,28.2,97.6,2.8,10.2,16.5,1.1,23.8,0.3,11.9,9.3,7.6,5.8,20.7,0.107
58,Hiram Fuller,ATL,23,4,1,3,10.6,78.0,1.8,13.2,23.3,0.0,0.0,0.3,25.0,2.5,4.5,2.0,7.0,0.107
59,Kenny Thomas,PHI,26,74,31,43,36.5,100.3,6.6,18.8,29.9,1.1,19.1,0.4,14.3,13.2,10.0,8.6,28.1,0.107
60,Andrei Kirilenko,UTA,23,78,42,36,37.3,100.6,5.2,15.2,24.0,1.9,32.7,2.8,51.7,12.4,9.3,8.9,25.4,0.107
61,Maurice Taylor,HOU,27,75,41,34,27.7,97.7,3.4,12.3,18.8,0.6,15.0,0.6,23.5,9.9,7.1,5.3,17.1,0.105
62,Corliss Williamson,DET,30,79,52,27,19.9,93.1,2.1,10.8,17.5,0.4,11.9,0.3,10.6,6.6,5.4,4.1,13.3,0.105
63,Darrell Armstrong,NOH,36,79,39,40,28.4,98.2,2.1,7.6,12.2,1.7,30.8,0.2,8.0,9.9,7.6,6.7,22.0,0.105
64,Jamison Brewer,IND,23,13,10,3,12.5,84.1,0.7,6.0,8.4,0.5,22.6,0.0,0.0,4.6,2.2,3.9,8.8,0.105
65,Shareef Abdur-Rahim,POR,27,85,35,50,31.7,99.7,5.3,16.3,26.1,0.8,16.2,0.4,10.6,11.4,9.3,8.8,24.3,0.104
66,Samuel Dalembert,PHI,24,82,33,49,26.9,97.6,5.3,19.6,31.5,0.5,12.4,2.3,76.5,8.8,7.5,6.5,18.8,0.103
67,Theo Ratliff,POR,31,85,35,50,31.3,99.5,4.9,15.2,24.2,0.6,13.2,3.6,79.1,11.4,9.0,7.7,24.0,0.103
68,Allan Houston,NYK,33,50,24,26,35.9,100.7,2.0,5.6,8.6,0.8,14.2,0.0,1.1,12.7,8.5,7.1,24.6,0.102
69,Ryan Humphrey,MEM,24,2,0,2,5.8,58.3,0.5,9.1,16.7,0.5,25.0,0.0,0.0,0.0,1.0,0.0,3.0,0.102
70,David Wesley,NOH,33,61,31,30,32.9,99.9,1.7,5.4,8.6,1.2,19.4,0.2,8.6,10.7,8.7,7.9,24.7,0.102
71,Lucious Harris,NJN,33,69,42,27,21.8,95.1,1.5,6.9,10.8,0.6,16.5,0.0,1.7,7.1,5.5,5.0,14.9,0.101
72,Robert Horry,SAS,33,81,56,25,15.9,90.0,2.0,12.6,19.5,0.6,19.7,0.6,26.9,4.1,4.0,2.8,11.7,0.101
73,Brad Miller,SAC,28,72,49,23,36.5,100.9,7.7,20.3,32.4,0.9,14.8,1.2,37.6,11.2,10.4,9.4,31.3,0.101
74,Kirk Penney,MIA,23,2,0,2,8.6,79.5,0.5,5.0,7.7,0.5,25.0,0.0,0.0,3.0,2.0,5.0,7.0,0.101
75,Caron Butler,MIA,24,68,39,29,29.8,99.0,3.4,12.1,18.6,1.1,22.9,0.2,8.4,8.7,7.4,6.0,21.2,0.101
76,Malik Rose,SAS,29,67,44,23,18.7,93.4,3.1,16.5,25.6,0.5,15.5,0.4,17.5,6.6,4.8,5.0,15.2,0.100
77,Kirk Hinrich,CHI,23,76,20,56,35.6,100.8,2.9,7.9,12.4,1.3,23.4,0.3,8.4,12.6,9.7,8.7,26.2,0.099
78,Jamal Mashburn,NOH,31,19,8,11,38.4,101.6,5.2,13.0,20.5,0.7,13.9,0.3,6.6,11.8,11.3,9.5,31.4,0.098
79,Donyell Marshall,TOR,31,82,29,53,36.4,101.3,7.3,20.4,33.4,1.1,20.0,1.5,38.5,11.1,11.0,8.3,29.3,0.098
80,Jason Hart,SAS,26,53,42,11,12.5,85.8,1.3,9.5,14.5,0.5,24.8,0.1,6.3,3.9,3.3,2.9,9.6,0.098
81,Mike James,DET,29,81,43,38,27.1,98.9,2.5,9.3,15.0,1.2,23.1,0.0,1.4,9.3,7.5,6.7,18.6,0.098
82,Antonio Davis,CHI,35,80,27,53,32.2,100.0,5.8,18.0,28.3,0.5,9.7,0.8,26.3,10.7,8.5,8.0,24.3,0.096
83,Shane Battier,MEM,25,79,48,31,24.7,97.7,2.5,9.9,16.8,1.3,25.4,0.7,20.2,8.3,7.9,6.2,18.6,0.096
84,Brian Grant,MIA,32,76,40,36,30.3,99.7,4.6,16.2,24.4,0.7,14.4,0.5,22.6,9.6,7.1,6.3,20.9,0.096
85,Shane Heal,SAS,33,6,3,3,11.5,84.2,0.5,3.8,6.0,0.2,8.3,0.0,0.0,4.7,4.2,2.8,8.0,0.096
86,Rodney Rogers,NJN,33,69,40,29,20.5,95.3,3.0,15.5,23.6,0.9,21.6,0.4,26.2,7.0,5.0,4.8,13.3,0.095
87,Chucky Atkins,BOS,29,64,37,27,24.0,96.9,1.3,5.3,8.8,0.7,18.4,0.0,1.3,8.3,7.0,5.9,18.6,0.095
88,Andre Miller,DEN,28,82,43,39,34.7,101.1,2.9,8.5,13.8,1.7,26.0,0.3,7.0,11.8,9.8,10.1,30.9,0.094
89,Raef LaFrentz,BOS,28,17,9,8,19.4,94.5,2.9,14.1,23.1,0.5,11.4,0.8,44.8,5.5,6.3,5.0,11.1,0.094
90,Ron Mercer,SAS,28,39,24,15,13.3,88.2,1.0,6.9,10.9,0.4,16.1,0.1,6.5,4.7,4.0,3.0,11.1,0.094
91,Alvin Williams,TOR,29,56,25,31,31.0,100.1,2.4,7.8,12.7,1.0,22.1,0.2,5.3,9.3,9.0,7.3,24.5,0.094
92,Michael Curry,TOR,35,70,29,41,17.5,92.8,0.9,5.3,8.3,0.3,14.6,0.1,4.8,5.4,4.6,4.0,12.8,0.094
93,Paul Pierce,BOS,26,80,35,45,38.7,102.0,5.7,14.4,23.5,1.6,21.3,0.7,20.0,14.1,12.1,9.9,28.5,0.093
94,Devean George,LAL,26,82,56,26,23.8,97.5,3.0,12.4,19.2,1.0,22.5,0.5,18.5,7.6,6.1,5.7,18.7,0.093
95,Greg Ostertag,UTA,31,78,39,39,27.6,99.1,4.6,17.6,28.4,0.4,9.1,1.8,44.1,9.6,7.0,6.7,17.7,0.093
96,Jason Richardson,GSW,23,78,35,43,37.7,101.9,5.1,13.6,21.0,1.1,20.8,0.5,13.7,11.8,10.7,9.8,30.2,0.093
97,Jamaal Magloire,NOH,26,82,41,41,34.1,101.1,7.1,21.4,33.8,0.5,9.3,1.2,39.8,10.8,9.3,8.4,27.3,0.092
98,Larry Hughes,WAS,25,61,19,42,33.9,101.1,3.8,11.3,18.1,1.6,24.7,0.4,11.0,13.7,9.5,10.7,28.6,0.091
99,Erick Dampier,GSW,28,74,33,41,32.5,100.8,7.3,22.4,34.3,0.4,9.8,1.9,53.9,10.2,8.5,8.6,24.7,0.091
100,Kenny Anderson,IND,33,44,33,11,20.7,95.9,1.4,7.2,11.0,0.6,16.0,0.1,5.3,7.0,5.0,5.8,16.5,0.090
101,Fred Hoiberg,MIN,31,79,57,22,22.7,97.4,3.1,13.7,21.3,0.8,24.8,0.1,5.2,6.5,6.2,4.6,16.6,0.090
102,Jamal Crawford,CHI,24,80,23,57,35.2,101.7,3.0,8.3,13.1,1.4,24.7,0.4,10.2,12.2,9.4,8.8,27.1,0.089
103,Kurt Thomas,NYK,31,80,38,42,31.8,101.0,6.5,20.1,31.2,0.7,15.0,1.0,30.5,10.9,8.4,6.8,22.6,0.088
104,Marc Jackson,PHI,29,22,10,12,27.1,99.6,3.7,14.6,23.8,0.5,10.5,0.3,14.3,7.5,6.4,6.0,22.0,0.087
105,Eric Williams,CLE,31,71,38,33,26.5,99.5,3.1,11.2,17.7,1.0,23.0,0.1,3.9,7.6,7.5,7.0,18.7,0.087
106,Milt Palacio,TOR,26,59,22,37,20.5,96.3,1.5,7.4,12.2,0.7,22.0,0.2,9.7,6.7,5.7,5.0,15.6,0.087
107,Darrick Martin,MIN,33,16,14,2,10.9,85.5,0.3,2.7,4.2,0.1,7.7,0.1,6.7,4.1,2.9,1.7,6.5,0.086
108,Peja Stojakovic,SAC,27,81,55,26,40.4,102.9,5.1,12.6,20.2,1.3,18.7,0.2,5.2,12.5,11.6,11.3,36.2,0.086
109,Derek Fisher,LAL,29,82,56,26,21.5,97.0,1.5,7.2,11.5,1.3,33.6,0.0,2.9,6.3,5.3,4.0,15.3,0.085
110,Tyson Chandler,CHI,21,35,9,26,22.5,97.9,5.4,23.5,35.9,0.5,12.5,1.2,45.3,8.2,5.3,5.7,15.4,0.085
111,Speedy Claxton,GSW,26,60,27,33,26.6,99.6,2.0,7.7,11.9,1.6,35.4,0.2,6.5,7.1,6.9,6.3,20.2,0.085
112,James Posey,MEM,27,82,50,32,29.8,100.7,3.8,13.3,21.4,1.7,28.2,0.5,11.8,8.8,8.9,8.1,27.0,0.084
113,Fred Jones,IND,25,81,61,20,18.5,95.6,1.2,7.2,11.1,0.8,23.9,0.2,11.8,6.4,4.3,4.9,13.0,0.084
114,Antonio McDyess,PHX,29,42,18,24,22.1,97.7,4.5,19.9,30.5,0.9,23.0,0.6,32.4,8.5,6.4,6.0,18.1,0.084
115,Anfernee Hardaway,NYK,32,76,33,43,27.6,100.3,2.9,10.5,17.1,0.9,19.3,0.3,10.4,9.1,7.9,5.9,21.4,0.084
116,Aaron Williams,NJN,32,72,39,33,18.6,95.8,2.7,15.1,23.7,0.5,14.7,0.6,41.1,6.8,4.6,4.7,12.7,0.083
117,Carmelo Anthony,DEN,20,82,43,39,36.5,102.5,3.8,10.8,17.5,1.2,17.0,0.5,10.9,12.6,10.7,11.0,33.8,0.082
118,Matt Harpring,UTA,28,31,17,14,36.5,102.5,5.0,14.8,23.7,0.7,14.5,0.1,1.2,12.9,10.1,9.9,25.9,0.082
119,Keith Van Horn,MIL,28,72,33,39,32.5,101.7,4.9,15.0,22.7,0.9,21.1,0.5,14.7,11.6,8.2,8.0,25.2,0.082
120,Kendall Gill,CHI,36,56,15,41,25.2,99.5,2.3,8.9,14.1,1.2,26.5,0.3,10.9,8.7,7.1,5.9,19.2,0.081
121,Carlos Boozer,CLE,22,75,34,41,34.6,102.3,8.4,23.8,36.5,1.0,18.5,0.7,15.5,11.0,9.2,9.3,28.7,0.081
122,John Salmons,PHI,24,77,32,45,20.6,97.5,2.1,10.3,16.4,0.8,24.6,0.2,10.7,6.7,5.5,4.7,15.2,0.081
123,Dion Glover,TOR,25,69,23,46,23.8,99.5,3.0,12.5,19.6,0.7,19.5,0.3,9.7,8.7,6.4,6.5,18.5,0.080
124,Chris Webber,SAC,31,23,11,12,36.2,102.7,6.6,18.0,28.3,1.3,19.5,0.9,26.0,12.0,9.3,12.3,33.0,0.080
125,Udonis Haslem,MIA,24,75,39,36,24.0,99.2,3.8,16.5,25.7,0.4,12.4,0.3,15.1,7.8,6.5,5.2,17.0,0.080
126,Bonzi Wells,MEM,27,72,45,27,26.0,99.9,2.5,9.9,16.3,1.3,25.3,0.3,7.9,9.1,7.9,6.9,20.8,0.080
127,Desmond Mason,MIL,26,82,41,41,30.9,101.6,3.2,10.6,16.5,0.7,16.0,0.3,10.8,9.2,8.5,8.2,25.3,0.080
128,Darius Miles,POR,22,79,35,44,26.3,100.4,3.1,11.6,18.4,0.8,21.0,0.8,20.5,8.5,7.6,6.5,20.0,0.080
129,LeBron James,CLE,19,79,33,46,39.6,103.4,4.2,10.4,16.2,1.6,27.7,0.7,12.8,13.1,11.3,11.2,31.9,0.079
130,Tim Thomas,NYK,27,66,35,31,31.7,101.8,3.9,12.7,19.4,1.0,20.0,0.3,10.2,10.1,8.2,8.2,25.5,0.079
131,Jarvis Hayes,WAS,22,70,23,47,29.2,101.2,2.8,9.6,15.4,1.0,18.4,0.2,5.6,11.4,8.1,9.2,24.6,0.079
132,Mark Madsen,MIN,28,72,50,22,17.3,95.5,1.9,11.2,17.1,0.5,21.6,0.3,14.6,4.5,4.5,3.6,12.0,0.078
133,Clifford Robinson,GSW,37,82,37,45,34.7,102.5,3.3,9.6,14.7,0.8,17.2,0.9,26.8,11.0,9.6,9.0,28.6,0.078
134,Lamond Murray,TOR,31,33,13,20,15.8,93.9,2.3,15.7,24.0,0.5,19.0,0.2,16.7,5.4,3.8,4.0,12.2,0.078
135,Anthony Johnson,IND,29,73,53,20,22.0,98.4,1.4,6.9,10.9,0.9,24.3,0.1,4.9,6.7,5.5,5.3,15.8,0.078
136,Jerome Moiso,TOR,26,35,15,20,11.9,89.3,2.1,17.4,28.8,0.5,24.6,0.3,27.9,3.6,3.2,2.3,7.4,0.077
137,Raul Lopez,UTA,24,82,42,40,19.8,97.5,1.6,8.8,13.9,0.8,24.2,0.0,1.0,7.3,4.6,4.2,12.5,0.077
138,Zach Randolph,POR,22,81,41,40,37.9,103.2,7.5,21.0,33.0,0.8,14.6,0.5,11.9,13.5,9.9,10.1,31.0,0.077
139,Alonzo Mourning,NJN,34,12,5,7,18.0,96.4,1.6,8.4,15.4,0.2,5.1,0.5,27.3,6.9,5.2,4.6,11.8,0.077
140,Marcus Camby,DEN,30,72,36,36,30.1,101.6,7.2,24.4,39.4,1.2,20.4,2.6,64.3,10.4,8.8,9.0,26.5,0.077
141,T.J. Ford,MIL,21,55,29,26,27.0,100.7,2.5,9.4,14.4,1.1,29.9,0.1,1.9,8.6,7.3,7.2,21.8,0.077
142,Raja Bell,UTA,27,82,42,40,24.6,100.0,2.2,9.8,15.7,0.8,20.7,0.2,5.9,8.7,5.7,5.4,15.2,0.076
143,Charlie Ward,SAS,33,71,38,33,17.6,96.5,1.9,10.5,15.9,0.9,32.3,0.2,8.5,6.3,4.3,3.8,12.8,0.076
144,Stromile Swift,MEM,24,77,48,29,19.9,98.0,3.1,15.3,26.2,0.7,17.3,1.5,46.6,6.9,6.7,4.8,16.3,0.076
145,Voshon Lenard,DEN,31,73,38,35,30.7,101.9,2.1,7.0,11.4,0.8,15.2,0.2,4.0,10.1,8.5,8.9,28.0,0.076
146,Roger Mason Jr.,TOR,23,26,7,19,12.5,91.2,1.2,10.0,16.4,0.4,16.7,0.2,17.6,4.2,2.6,2.4,9.2,0.075
147,Mark Blount,BOS,28,82,36,46,29.3,101.5,4.7,15.7,25.9,1.0,16.8,1.3,52.5,10.8,9.4,7.3,22.2,0.075
148,Damon Stoudamire,POR,30,82,41,41,38.1,103.4,3.1,8.6,13.7,1.2,21.1,0.1,2.6,12.7,10.5,9.5,30.6,0.075
149,Stephon Marbury,NYK,27,81,37,44,40.2,103.8,2.5,6.3,10.2,1.6,24.3,0.1,2.7,13.2,11.8,8.8,31.0,0.075
150,Jiri Welsch,BOS,24,81,35,46,27.0,101.0,2.9,10.7,17.7,1.2,23.3,0.1,4.3,10.1,8.3,6.8,19.9,0.075
151,Lorenzen Wright,MEM,28,65,38,27,25.8,100.4,4.6,18.6,30.5,0.7,13.8,0.9,25.8,7.3,7.4,7.0,22.2,0.075
152,Casey Jacobsen,PHX,23,78,25,53,23.5,99.8,2.0,8.6,14.0,0.6,14.5,0.1,5.7,8.4,7.0,5.8,19.7,0.074
153,Derrick Coleman,PHI,37,34,13,21,24.9,100.3,4.3,19.0,30.6,0.7,15.5,0.8,38.2,8.8,6.3,6.5,19.8,0.074
154,Jared Jeffries,WAS,22,82,25,57,23.4,99.7,3.0,13.0,20.8,0.6,13.6,0.3,14.2,9.3,6.0,6.8,18.6,0.074
155,Glenn Robinson,PHI,31,42,13,29,32.0,102.5,3.4,10.8,17.4,1.0,19.1,0.2,7.6,12.0,9.1,9.7,25.3,0.074
156,Stacey Augmon,NOH,35,69,33,36,20.6,98.5,1.8,8.9,14.1,0.8,20.7,0.2,11.2,7.8,5.8,4.4,16.6,0.074
157,Corie Blount,TOR,35,62,18,44,16.8,96.7,2.9,16.8,27.5,0.8,24.5,0.4,25.0,5.1,5.1,4.2,13.2,0.074
158,Joe Johnson,PHX,23,82,29,53,40.7,103.9,3.7,9.1,15.0,1.1,14.8,0.3,7.9,13.9,13.0,9.3,33.9,0.074
159,Bobby Jackson,SAC,31,50,35,15,23.8,99.9,2.4,9.8,16.1,1.0,23.0,0.2,8.5,6.9,7.1,5.4,20.3,0.073
160,Shawn Marion,PHX,26,79,28,51,40.6,103.9,6.6,16.5,27.1,2.1,27.7,1.3,31.2,13.8,12.7,9.0,33.3,0.073
161,Mike Dunleavy,GSW,23,75,35,40,31.2,102.4,4.7,15.2,23.4,0.9,21.6,0.2,5.6,10.8,8.4,8.5,25.5,0.073
162,Jerome Williams,CHI,31,68,22,46,23.9,99.9,4.4,19.5,30.9,1.3,31.1,0.1,7.1,8.1,6.5,6.7,19.5,0.072
163,Alex Garcia,SAS,24,2,2,0,6.3,76.0,0.0,0.0,0.0,1.0,66.7,0.0,0.0,4.5,1.0,2.0,2.0,0.071
164,Joe Smith,MIL,28,76,38,38,29.7,102.1,5.4,18.3,28.5,0.6,16.5,1.2,40.3,8.8,8.0,7.9,24.9,0.070
165,Mikki Moore,UTA,28,32,18,14,12.3,92.1,1.7,15.3,23.9,0.2,13.0,0.4,37.1,4.7,2.2,3.1,7.4,0.070
166,Doug Christie,SAC,34,82,55,27,33.9,103.2,3.2,9.3,15.0,1.8,28.7,0.5,18.1,10.6,10.3,9.8,31.0,0.069
167,Jake Voskuhl,PHX,26,66,22,44,24.2,100.8,3.3,14.1,22.9,0.6,12.9,0.4,17.7,7.7,7.1,4.7,18.9,0.069
168,Eric Piatkowski,HOU,33,49,22,27,14.3,94.4,1.3,8.9,13.5,0.3,16.0,0.1,8.1,4.4,3.3,2.0,7.7,0.069
169,Dikembe Mutombo,NYK,38,65,29,36,23.1,100.3,4.5,19.1,29.0,0.3,8.3,1.9,69.5,8.7,5.5,5.8,15.1,0.068
170,Linton Johnson,CHI,24,41,12,29,17.9,98.0,3.0,16.6,25.9,0.9,28.9,0.8,34.8,6.9,4.3,4.9,12.0,0.068
171,Slava Medvedenko,LAL,25,68,46,22,21.3,99.5,2.9,13.9,22.5,0.6,14.8,0.3,15.4,7.0,6.6,4.9,16.9,0.068
172,Calbert Cheaney,GSW,32,79,37,42,26.1,101.5,2.3,9.2,14.1,0.8,19.0,0.2,6.4,8.2,7.0,6.5,20.9,0.067
173,Olden Polynice,LAC,39,2,1,1,5.5,72.7,0.5,9.1,14.3,0.5,25.0,0.0,0.0,3.5,1.5,0.0,1.0,0.067
174,Darvin Ham,DET,30,54,40,14,8.7,87.2,0.9,9.6,14.8,0.2,15.3,0.1,16.0,2.6,1.9,2.0,5.5,0.067
175,Boris Diaw,ATL,22,76,28,48,25.2,101.4,3.0,12.2,19.4,0.8,19.2,0.5,18.6,10.5,6.8,7.1,20.8,0.067
176,Stephen Jackson,ATL,26,80,27,53,36.8,103.9,3.4,9.0,14.6,1.8,30.3,0.3,6.7,13.8,11.0,10.2,31.2,0.067
177,George Lynch,NOH,33,78,39,39,21.7,100.0,2.8,13.2,20.6,0.6,16.2,0.2,13.3,6.9,5.6,5.5,16.5,0.067
178,Jon Barry,DEN,34,57,31,26,19.1,98.8,1.7,8.9,15.0,1.0,27.4,0.1,5.3,6.7,6.2,5.6,17.0,0.067
179,Austin Croshere,IND,29,77,57,20,13.6,94.4,2.4,18.5,29.1,0.3,14.0,0.2,15.4,4.8,3.2,3.4,9.3,0.067
180,Mike Bibby,SAC,26,82,55,27,36.4,103.9,2.6,6.9,11.1,1.4,22.0,0.2,7.0,11.7,10.3,10.3,32.8,0.066
181,Paul Shirley,CHI,26,7,1,6,12.0,92.9,1.1,10.1,15.1,0.1,6.3,0.1,6.3,6.9,3.1,3.3,8.3,0.066
182,Gilbert Arenas,WAS,22,55,17,38,37.6,104.1,3.6,9.7,15.7,1.9,30.1,0.2,5.3,15.9,11.3,12.6,31.9,0.066
183,Walter McCarty,BOS,30,77,33,44,24.7,101.3,2.7,10.9,18.5,0.9,19.6,0.3,14.7,9.2,7.7,5.9,18.9,0.066
184,Eddy Curry,CHI,21,73,20,53,29.6,102.6,4.2,13.8,21.8,0.3,8.0,1.1,36.4,11.7,8.4,7.3,21.7,0.066
185,Derrick Dial,ORL,28,9,2,7,9.2,87.6,0.9,8.2,14.0,0.7,50.0,0.0,0.0,2.2,2.3,2.2,7.1,0.065
186,Mickael Pietrus,GSW,22,53,24,29,14.2,95.5,1.3,9.4,14.3,0.6,27.8,0.2,13.5,4.8,4.2,3.5,11.5,0.065
187,Maurice Carter,NOH,27,10,4,6,10.9,91.5,0.9,8.1,11.7,0.0,0.0,0.0,0.0,4.2,1.4,2.0,5.4,0.065
188,Earl Boykins,DEN,28,82,43,39,22.4,100.6,1.2,5.5,9.4,0.6,14.6,0.0,1.2,7.6,7.6,6.3,20.4,0.064
189,Brian Scalabrine,NJN,26,69,43,26,13.3,94.5,1.9,14.5,23.1,0.3,14.8,0.2,21.2,5.0,3.3,3.3,9.3,0.064
190,Tony Battie,CLE,28,73,37,36,20.2,99.5,3.3,15.6,25.6,0.4,11.8,0.9,43.2,6.0,6.3,5.0,13.4,0.064
191,Ervin Johnson,MIN,36,66,49,17,14.7,96.1,2.6,16.9,26.7,0.4,18.6,0.7,36.1,4.2,4.0,3.5,11.6,0.064
192,Kwame Brown,WAS,22,74,24,50,30.1,102.9,5.0,16.9,27.4,0.9,16.3,0.7,23.6,13.0,8.9,10.2,24.8,0.064
193,Frank Williams,NYK,24,56,26,30,12.7,93.8,0.8,6.2,9.9,0.4,23.1,0.1,8.7,4.4,3.6,2.4,8.9,0.063
194,Elden Campbell,DET,35,65,42,23,13.8,95.4,2.4,17.8,27.8,0.3,15.0,0.8,41.3,4.4,3.7,3.2,10.2,0.063
195,Mike Miller,MEM,24,65,39,26,27.1,102.4,2.7,10.2,16.6,0.9,17.1,0.2,5.6,8.3,8.3,8.1,25.6,0.063
196,Anthony Peeler,SAC,34,75,50,25,18.4,98.9,1.6,8.5,13.7,0.7,21.1,0.1,9.5,5.7,5.8,4.5,15.5,0.063
197,Kevin Ollie,CLE,31,82,35,47,17.0,98.0,1.8,10.3,16.1,0.6,22.3,0.1,4.7,5.3,4.6,3.5,12.2,0.063
198,Brian Cardinal,GSW,27,76,32,44,21.5,100.5,2.9,13.8,21.5,0.9,25.8,0.3,13.7,6.0,5.9,4.0,15.6,0.062
199,Chris Mihm,BOS,24,76,27,49,17.5,98.6,3.4,19.0,30.2,0.5,14.2,0.8,44.1,6.9,4.8,4.1,12.4,0.062
200,Steve Blake,WAS,24,75,22,53,18.5,99.2,1.3,7.4,11.8,0.8,20.8,0.1,4.9,7.4,4.6,5.7,15.0,0.062
201,Rick Fox,LAL,34,38,28,10,22.3,100.9,1.9,8.6,12.9,0.8,20.3,0.1,4.9,5.8,5.6,5.2,17.9,0.062
202,Shandon Anderson,NYK,30,80,38,42,24.6,101.9,2.1,8.5,13.6,0.9,22.8,0.2,8.2,9.1,7.6,5.9,18.5,0.061
203,Ronald Dupree,CHI,23,47,12,35,19.2,99.9,2.4,12.2,20.1,0.7,21.1,0.4,20.5,7.3,5.7,4.6,13.4,0.061
204,Michael Finley,DAL,31,72,49,23,38.6,104.6,3.4,8.9,13.8,1.2,19.1,0.5,12.8,10.8,10.3,11.6,35.9,0.061
205,Rasual Butler,MIA,25,45,28,17,15.0,97.3,1.3,8.2,13.3,0.2,11.4,0.3,18.3,4.6,4.4,2.8,9.8,0.061
206,Jeff McInnis,CLE,29,70,37,33,34.0,103.9,2.0,6.2,9.7,1.0,20.9,0.1,2.1,10.8,9.6,9.1,28.5,0.060
207,Vin Baker,NYK,32,54,26,28,24.5,102.0,3.1,12.6,20.6,0.5,12.9,0.6,24.4,8.3,7.0,7.2,18.3,0.060
208,Pau Gasol,MEM,23,78,49,29,31.4,103.6,5.1,16.3,26.4,0.6,9.6,1.7,37.5,10.2,10.5,9.5,29.9,0.060
209,Jarron Collins,UTA,25,81,41,40,21.4,100.9,2.5,13.2,20.3,0.3,11.1,0.2,10.5,7.7,4.9,5.0,14.7,0.060
210,Glen Rice,LAC,37,18,7,11,14.5,96.4,1.8,11.7,18.8,0.3,17.1,0.0,0.0,5.7,4.1,3.2,11.0,0.060
211,Robert Archibald,TOR,24,32,9,23,7.9,87.2,1.0,12.8,20.4,0.4,27.5,0.1,12.5,2.7,2.1,2.0,5.4,0.060
212,Chris Andersen,DEN,25,71,39,32,14.5,97.1,2.9,19.1,32.7,0.5,18.6,1.6,65.5,4.9,5.2,4.0,12.9,0.059
213,Brendan Haywood,WAS,24,77,24,53,19.4,99.8,2.6,14.1,22.4,0.4,11.7,1.3,64.5,7.4,5.1,6.0,14.5,0.059
214,Ricky Davis,BOS,24,79,30,49,31.3,103.7,3.6,11.2,18.0,1.2,21.9,0.3,8.9,12.3,9.4,8.2,25.3,0.059
215,Ruben Patterson,POR,28,73,35,38,22.6,101.5,1.9,8.7,14.2,1.2,30.9,0.3,10.9,8.0,6.8,5.6,18.0,0.059
216,Francisco Elson,DEN,28,62,36,26,14.1,96.5,2.2,15.5,25.7,0.6,21.5,0.6,36.1,4.7,3.9,3.9,11.0,0.059
217,Eddie Robinson,CHI,28,51,15,36,20.1,100.5,1.5,7.4,12.2,0.6,16.9,0.2,10.4,7.0,5.8,4.4,16.1,0.059
218,Nazr Mohammed,NYK,26,80,31,49,20.1,100.6,3.7,19.0,30.0,0.7,20.3,0.7,40.0,8.0,5.4,5.3,15.8,0.059
219,Bostjan Nachbar,HOU,23,45,25,20,11.3,94.0,1.4,11.9,18.3,0.3,21.5,0.3,25.9,4.6,3.4,2.6,5.9,0.058
220,Clar. Weatherspoon,HOU,33,52,24,28,16.8,99.0,2.5,15.3,22.9,0.6,23.8,0.3,16.5,6.7,3.6,3.7,11.5,0.058
221,Bobby Simmons,LAC,24,56,20,36,24.5,102.2,2.6,11.1,17.5,0.9,24.2,0.3,13.5,8.5,6.5,4.5,20.2,0.058
222,Jason Terry,ATL,26,81,27,54,37.2,104.7,3.5,9.4,15.0,1.5,26.6,0.2,4.9,14.4,11.0,10.4,31.5,0.058
223,Scott Padgett,HOU,28,58,27,31,9.5,91.3,1.6,15.8,23.5,0.2,15.2,0.2,21.7,3.5,2.3,2.3,5.6,0.058
224,Jamal Sampson,LAL,21,10,5,5,13.1,95.7,2.9,22.5,34.9,0.2,10.5,0.4,36.4,5.1,2.9,4.2,11.0,0.058
225,Bob Sura,ATL,31,80,42,38,20.7,100.9,2.8,13.8,22.6,0.8,22.4,0.2,9.7,6.4,6.1,5.2,16.8,0.058
226,Mark Jackson,HOU,39,42,22,20,13.8,96.7,1.4,10.9,15.8,0.4,20.2,0.0,1.9,4.8,2.6,3.2,8.4,0.058
227,Marcus Banks,BOS,22,81,35,46,17.0,99.2,1.3,7.3,12.4,1.1,29.7,0.2,11.0,6.4,5.4,4.1,12.0,0.058
228,Jelani McCoy,CLE,26,2,0,2,6.6,86.7,1.5,20.0,33.3,0.0,0.0,0.0,0.0,4.0,0.0,4.0,4.0,0.057
229,Troy Murphy,GSW,24,28,13,15,21.9,101.4,4.5,20.7,33.2,0.4,12.2,0.6,27.4,7.0,6.8,5.9,19.0,0.057
230,Dan Langhi,MIL,26,6,4,2,5.8,80.6,0.7,12.5,18.2,0.0,0.0,0.0,0.0,1.5,0.3,0.3,3.3,0.057
231,Rodney White,DEN,24,72,38,34,13.7,96.8,1.7,12.0,20.1,0.4,17.8,0.3,14.3,4.7,4.3,3.7,11.8,0.057
232,Vladimir Stepania,POR,28,42,17,25,10.8,93.4,1.8,17.6,26.9,0.3,14.9,0.4,36.6,3.1,2.8,2.5,8.0,0.057
233,Amar'e Stoudemire,PHX,21,55,22,33,36.8,104.7,6.2,16.7,26.8,1.2,18.0,1.6,41.4,13.0,11.6,8.8,31.4,0.057
234,Michael Redd,MIL,24,82,41,41,36.8,104.9,3.5,9.6,15.1,1.0,20.2,0.1,2.1,11.4,10.3,10.8,32.2,0.055
235,Zydrunas Ilgauskas,CLE,29,81,34,47,31.4,104.1,4.6,14.6,22.2,0.5,10.9,2.5,53.5,10.5,8.5,9.1,25.4,0.055
236,Greg Buckner,PHI,27,53,21,32,13.2,97.0,1.4,10.6,17.3,0.4,20.6,0.1,7.0,5.2,3.2,4.0,9.5,0.055
237,Michael Doleac,DEN,27,72,34,38,14.2,97.4,2.5,17.5,27.2,0.3,14.7,0.5,33.6,4.6,4.0,3.2,10.6,0.055
238,Willie Green,PHI,22,53,22,31,14.5,98.1,0.9,6.4,10.7,0.5,20.5,0.1,6.1,5.1,4.2,3.3,10.5,0.055
239,Sasha Pavlovic,UTA,20,79,39,40,14.4,98.0,1.5,11.3,18.2,0.5,22.8,0.2,14.5,5.4,3.6,3.3,9.5,0.055
240,Brevin Knight,MIL,28,56,18,38,18.5,100.3,1.8,10.1,16.3,1.5,35.9,0.0,1.2,6.5,4.9,5.2,13.9,0.055
241,Carlos Arroyo,UTA,24,71,35,36,28.2,103.5,2.0,7.9,12.7,0.9,22.7,0.1,1.8,9.4,7.1,7.3,19.9,0.054
242,Keith McLeod,MIN,24,33,22,11,11.7,95.6,0.9,7.3,11.9,0.5,28.1,0.0,2.3,3.6,3.4,1.9,8.8,0.054
243,DeSagana Diop,CLE,22,56,21,35,12.9,96.4,2.3,17.1,25.8,0.5,23.4,0.9,56.0,4.2,3.5,3.3,9.1,0.054
244,Kedrick Brown,CLE,23,55,23,32,17.6,100.1,1.9,10.7,16.9,0.5,21.1,0.1,6.9,5.1,5.2,4.3,12.9,0.054
245,Torraye Braggs,WAS,28,15,10,5,10.0,92.3,1.4,14.5,25.0,0.3,13.3,0.1,11.1,3.4,3.2,1.7,4.9,0.053
246,Etan Thomas,WAS,26,79,25,54,24.0,102.7,4.4,18.5,30.2,0.5,10.4,1.6,60.0,10.6,6.8,8.3,20.8,0.053
247,Samaki Walker,MIA,28,33,16,17,12.6,96.6,2.1,16.4,25.7,0.3,18.0,0.3,32.4,4.3,3.5,2.8,8.5,0.053
248,Loren Woods,MIA,26,38,13,25,13.2,96.7,1.8,14.9,24.6,0.3,14.1,0.5,50.0,4.1,3.2,2.2,8.9,0.053
249,Othella Harrington,NYK,30,56,27,29,15.6,98.8,2.1,14.3,22.8,0.2,9.5,0.3,21.2,5.2,3.8,2.9,11.1,0.053
250,Vlade Divac,SAC,36,81,54,27,28.6,103.7,4.0,14.4,22.6,0.7,13.9,1.0,43.3,8.9,7.8,8.5,25.0,0.053
251,Mitchell Butler,WAS,33,41,11,30,13.5,97.7,1.1,8.1,13.2,0.5,22.4,0.1,7.4,5.6,3.7,4.2,9.7,0.053
252,Jerome Beasley,MIA,24,2,0,2,2.6,58.3,0.5,12.5,20.0,0.0,0.0,0.0,0.0,0.0,0.0,0.0,0.0,0.053
253,Scot Pollard,IND,29,61,46,15,11.1,95.1,1.6,15.6,24.4,0.4,17.7,0.4,40.0,4.2,2.7,2.9,7.0,0.053
254,Paul Grant,UTA,30,10,4,6,9.6,93.7,1.0,11.4,18.5,0.1,7.1,0.1,14.3,3.6,2.2,2.4,7.0,0.052
255,Travis Best,DAL,31,61,38,23,12.5,96.7,0.8,6.7,10.6,0.5,24.2,0.1,4.1,3.4,3.1,2.8,8.9,0.052
256,Jason Collier,ATL,26,20,8,12,27.3,103.8,3.8,13.8,21.7,0.6,11.8,0.6,36.7,9.8,7.8,7.0,23.7,0.052
257,Gordan Giricek,UTA,27,73,30,43,28.0,104.0,2.4,8.9,14.1,0.8,19.6,0.2,7.4,9.5,8.1,7.7,23.5,0.052
258,Desmond Ferguson,POR,26,7,2,5,4.4,73.2,0.6,11.8,17.4,0.0,0.0,0.0,0.0,1.4,1.0,0.4,2.0,0.051
259,Mo Williams,UTA,21,57,25,32,13.6,98.2,0.9,7.0,11.1,0.5,23.9,0.0,2.9,5.1,3.3,3.0,8.6,0.051
260,Devin Brown,SAS,25,58,43,15,10.7,95.2,1.6,14.9,22.5,0.3,14.4,0.1,6.1,3.4,2.8,2.3,9.0,0.051
261,Horace Grant,LAL,38,55,37,18,20.2,101.5,2.8,15.1,24.4,0.4,11.7,0.4,24.1,5.9,5.4,4.9,15.9,0.051
262,Kyle Korver,PHI,23,74,28,46,11.6,96.5,1.1,9.5,15.3,0.3,19.2,0.1,9.9,4.3,3.4,3.0,8.5,0.051
263,Dirk Nowitzki,DAL,26,77,49,28,37.9,105.4,7.5,19.9,30.7,1.2,19.6,1.4,32.3,10.7,10.0,11.2,34.2,0.050
264,Lonny Baxter,WAS,25,62,21,41,12.3,96.8,2.0,15.9,26.3,0.3,15.0,0.5,35.4,4.6,4.0,3.0,9.4,0.050
265,Dan Gadzuric,MIL,26,75,36,39,16.7,100.4,2.9,17.9,28.6,0.7,25.9,1.4,68.2,5.2,4.5,4.3,13.2,0.049
266,Moochie Norris,NYK,30,66,35,31,12.8,97.2,0.8,7.0,11.2,0.7,29.1,0.1,5.9,4.4,3.3,2.6,7.9,0.049
267,Bruno Sundov,NYK,24,5,1,4,6.1,84.7,1.6,24.2,32.0,0.0,0.0,0.0,0.0,1.8,1.8,0.8,4.8,0.049
268,Toni Kukoc,MIL,35,73,37,36,20.7,102.2,2.9,14.0,22.7,0.8,24.7,0.3,16.2,6.7,6.2,4.9,16.6,0.049
269,Bryon Russell,LAL,33,72,46,26,13.0,98.0,1.6,12.4,20.2,0.4,23.2,0.2,16.4,4.0,3.7,2.8,9.7,0.049
270,Brandon Hunter,BOS,23,36,14,22,11.2,96.4,1.9,16.9,24.5,0.4,14.6,0.0,4.3,4.2,2.8,3.1,8.6,0.049
271,Robert Traylor,NOH,27,71,35,36,13.2,98.3,2.2,17.6,28.2,0.5,21.0,0.5,46.3,4.7,3.7,3.2,9.1,0.049
272,Howard Eisley,PHX,31,67,24,43,21.8,102.5,1.6,7.6,11.9,0.8,25.2,0.1,3.9,8.5,5.9,5.1,17.0,0.048
273,Tremaine Fowlkes,DET,28,36,21,15,7.0,89.3,1.0,13.8,22.7,0.3,23.1,0.1,9.7,2.2,2.2,1.4,4.9,0.048
274,David West,NOH,23,71,35,36,13.1,98.4,2.5,21.2,33.7,0.4,15.1,0.4,35.9,4.9,3.5,3.7,10.5,0.048
275,Theron Smith,MEM,23,20,13,7,8.9,93.2,1.4,15.1,25.0,0.3,12.8,0.3,16.1,3.7,2.8,2.9,6.8,0.048
276,Antawn Jamison,DAL,28,82,52,30,29.0,104.4,3.5,12.1,19.1,1.0,20.6,0.4,12.7,8.3,8.1,8.6,25.9,0.048
277,Brian Cook,LAL,23,35,23,12,12.5,98.1,2.0,17.2,26.1,0.5,19.8,0.5,43.2,3.3,3.7,3.3,9.3,0.047
278,Desmond Penigar,ORL,22,10,4,6,8.6,92.9,1.8,22.2,33.3,0.2,16.7,0.2,20.0,2.3,2.4,2.4,8.0,0.047
279,Kareem Rush,LAL,23,72,50,22,17.3,101.1,1.1,6.5,10.4,0.5,16.1,0.3,19.0,5.5,5.1,4.3,13.6,0.047
280,Oliver Miller,MIN,34,48,35,13,10.5,96.3,1.8,16.2,25.5,0.4,20.2,0.5,40.6,3.0,2.7,2.0,7.5,0.047
281,Michael Sweetney,NYK,21,42,19,23,11.8,97.3,2.1,18.4,30.3,0.4,18.9,0.3,23.5,3.9,3.6,2.5,8.5,0.046
282,Jacque Vaughn,ATL,29,71,21,50,17.8,101.6,1.5,8.3,13.4,0.6,22.8,0.0,1.7,7.2,4.8,5.4,13.9,0.046
283,Melvin Ely,LAC,26,42,13,29,12.1,97.7,1.3,10.5,16.4,0.2,12.7,0.4,38.6,4.0,2.8,3.3,9.4,0.045
284,Christian Laettner,WAS,34,48,11,37,20.5,102.7,3.8,18.8,30.5,0.8,20.4,0.6,26.4,8.3,5.9,6.9,17.5,0.045
285,Michael Ruffin,UTA,27,41,18,23,17.8,101.4,3.1,20.8,31.9,0.5,20.6,0.5,25.3,6.6,3.7,3.8,11.2,0.045
286,Troy Bell,MEM,23,6,5,1,5.8,88.2,0.2,2.8,3.4,0.2,16.7,0.0,0.0,2.5,0.3,0.7,3.7,0.045
287,Juan Dixon,WAS,25,71,20,51,20.8,102.8,1.7,8.3,14.1,1.2,28.1,0.1,3.3,9.0,5.9,6.8,17.5,0.045
288,Leon Smith,SEA,23,1,0,1,3.6,71.4,1.0,25.0,33.3,0.0,0.0,0.0,0.0,0.0,0.0,0.0,0.0,0.045
289,Robert Pack,NJN,35,26,17,9,8.3,92.6,0.5,6.7,11.3,0.5,28.6,0.0,9.1,3.3,2.2,2.3,5.8,0.045
290,J.R. Bremer,GSW,23,36,11,25,12.2,98.5,0.8,6.2,9.5,0.5,25.7,0.1,7.7,4.2,3.1,2.6,9.3,0.044
291,Ryan Bowen,DEN,28,52,28,24,7.5,91.2,0.9,12.1,19.4,0.3,23.4,0.3,24.2,2.3,2.1,2.2,5.3,0.044
292,Jannero Pargo,CHI,24,31,14,17,15.4,101.0,0.9,6.1,9.9,0.4,16.7,0.2,12.8,6.4,4.3,3.4,11.1,0.044
293,DeShawn Stevenson,ORL,23,80,33,47,30.6,105.0,2.7,9.4,15.0,0.7,15.9,0.2,6.2,10.4,8.4,8.7,25.6,0.044
294,Wang Zhi-zhi,MIA,26,16,9,7,7.1,90.7,0.9,10.4,18.2,0.2,27.3,0.3,38.5,2.3,3.3,1.3,5.0,0.044
295,Amal McCaskill,PHI,30,59,25,34,10.7,97.4,1.4,13.5,21.5,0.2,12.8,0.3,46.5,4.1,2.9,2.6,8.0,0.043
296,Troy Hudson,MIN,28,29,19,10,17.4,102.0,1.1,6.0,9.6,0.2,11.3,0.0,0.0,4.4,5.8,4.3,14.9,0.043
297,Daniel Santiago,MIL,28,54,28,26,13.1,99.5,1.8,14.1,21.8,0.4,17.3,0.4,30.4,3.9,3.6,3.4,11.0,0.043
298,Jason Kapono,CLE,23,41,16,25,10.3,97.2,0.9,8.3,12.4,0.3,21.3,0.0,3.4,3.4,2.3,2.4,7.4,0.043
299,Marcus Fizer,CHI,25,46,13,33,16.1,101.6,3.1,19.8,30.6,0.3,12.4,0.2,16.7,5.3,3.7,4.4,13.0,0.042
300,Chris Jefferies,CHI,24,21,5,16,9.4,96.6,1.1,12.2,18.8,0.2,10.5,0.3,31.8,3.5,2.0,1.6,7.3,0.042
301,Jeff Trepagnier,DEN,24,11,5,6,8.8,95.5,0.8,9.4,14.8,0.3,15.8,0.0,0.0,3.0,3.2,2.2,7.8,0.042
302,Leandro Barbosa,PHX,21,70,25,45,21.4,103.6,1.4,6.7,10.8,1.3,29.2,0.1,5.1,7.7,6.5,4.9,18.2,0.041
303,Travis Hansen,ATL,26,41,13,28,12.4,99.7,1.0,8.1,12.5,0.2,11.2,0.2,20.5,5.2,3.3,3.8,9.0,0.041
304,Jason Williams,MEM,28,72,42,30,29.3,105.3,1.7,5.8,9.5,1.3,23.8,0.1,1.7,9.5,9.9,9.2,29.4,0.041
305,Brian Skinner,MIL,28,56,29,27,28.2,105.0,5.2,18.7,28.6,0.5,15.8,1.1,43.9,8.6,7.3,8.0,25.2,0.040
306,Jerome James,SEA,28,65,32,33,15.3,101.3,2.3,15.3,24.4,0.3,13.0,0.9,52.6,5.5,4.2,4.4,11.2,0.040
307,Mike Wilks,HOU,25,26,14,12,5.4,87.5,0.5,8.0,11.4,0.1,20.0,0.0,0.0,2.0,1.3,1.0,3.1,0.040
308,Malik Allen,MIA,26,45,20,25,13.7,100.5,1.7,12.7,20.0,0.3,14.6,0.6,41.8,4.5,4.3,3.0,9.6,0.040
309,Darius Songaila,SAC,26,73,49,24,13.3,100.5,1.8,13.5,22.8,0.6,22.7,0.2,16.9,4.3,4.3,2.9,11.6,0.039
310,Jahidi White,PHX,28,62,21,41,14.0,101.0,2.6,18.3,30.7,0.4,15.9,0.8,52.0,5.6,4.6,3.8,11.7,0.039
311,Reece Gaines,ORL,23,38,4,34,9.3,96.9,0.8,8.6,14.2,0.3,20.4,0.1,6.5,3.2,2.6,2.2,7.6,0.039
312,Tom Gugliotta,UTA,34,55,25,30,14.9,101.5,2.2,16.5,26.7,0.6,23.7,0.2,13.2,5.3,4.2,3.3,11.1,0.039
313,Zoran Planinic,NJN,21,49,31,18,9.5,97.0,0.8,9.6,14.9,0.3,16.0,0.1,14.3,3.3,2.0,2.0,5.8,0.039
314,Scott Williams,DAL,36,43,23,20,12.4,100.0,2.2,18.5,28.0,0.5,21.3,0.4,27.1,3.2,3.0,3.0,9.6,0.039
315,Rashard Lewis,SEA,24,80,37,43,36.7,106.3,4.8,13.3,22.0,1.2,21.7,0.7,18.6,12.8,11.7,9.8,29.1,0.038
316,Eduardo Najera,DAL,27,58,35,23,12.4,100.1,1.5,12.2,19.5,0.6,27.1,0.3,26.4,3.5,3.9,3.5,10.9,0.038
317,Vladimir Radmanovic,SEA,23,77,35,42,30.2,105.7,3.9,13.2,22.4,1.0,19.8,0.5,18.3,10.9,10.1,8.2,24.5,0.038
318,Luke Walton,LAL,24,72,50,22,10.0,97.9,1.2,13.0,20.5,0.4,22.8,0.1,14.3,3.2,2.6,2.4,7.3,0.037
319,Zaza Pachulia,ORL,20,59,13,46,11.2,99.5,1.8,16.1,27.2,0.4,21.6,0.2,41.4,4.1,3.6,3.1,10.0,0.037
320,Curtis Borchardt,UTA,23,16,8,8,16.1,102.6,2.6,18.0,27.5,0.3,11.8,0.9,51.9,6.6,4.1,4.6,10.4,0.037
321,Damon Jones,MIL,27,82,41,41,24.5,104.9,1.9,7.7,12.3,0.4,11.6,0.0,2.0,7.6,7.2,7.0,21.9,0.037
322,Marko Jaric,LAC,25,58,25,33,30.3,105.8,2.3,7.8,12.5,1.6,33.2,0.3,11.3,11.9,9.0,6.9,26.5,0.037
323,Flip Murray,SEA,24,82,37,45,24.7,105.0,1.9,7.9,13.3,1.0,23.7,0.3,13.4,9.1,7.9,7.2,20.5,0.036
324,Avery Johnson,GSW,39,46,22,24,13.8,101.4,0.7,4.8,7.8,0.6,25.7,0.1,4.1,4.6,4.3,3.6,12.3,0.036
325,Ray Allen,SEA,28,56,25,31,38.5,106.6,3.9,10.5,17.1,1.3,20.4,0.2,6.0,13.4,11.9,10.5,31.0,0.036
326,Corey Maggette,LAC,24,73,25,48,36.0,106.5,4.6,13.0,20.9,0.9,15.8,0.2,6.0,14.0,10.8,8.1,32.9,0.036
327,Joel Przybilla,ATL,24,17,5,12,20.3,104.3,4.6,22.5,37.1,0.3,8.8,1.0,45.9,6.9,6.6,5.9,17.6,0.035
328,Zendon Hamilton,PHI,29,46,16,30,10.2,99.2,2.1,21.2,33.1,0.2,10.0,0.2,23.5,4.4,3.0,2.9,8.5,0.035
329,Quentin Richardson,LAC,24,65,26,39,36.0,106.5,4.1,11.7,18.6,1.0,18.9,0.3,7.8,14.3,10.8,8.3,32.8,0.035
330,Shawn Bradley,DAL,32,66,40,26,11.6,100.1,1.5,13.4,21.5,0.5,23.1,1.1,68.5,2.8,3.4,3.3,8.6,0.035
331,Ansu Sesay,SEA,27,57,25,32,10.1,99.2,0.9,8.7,14.8,0.3,17.1,0.4,31.7,3.7,3.0,2.6,7.5,0.035
332,Shammond Williams,NOH,29,53,19,34,14.4,102.3,1.0,6.8,11.1,0.7,33.0,0.0,3.2,4.8,4.4,3.9,11.7,0.035
333,Chris Wilcox,LAC,21,65,25,40,20.6,104.4,2.8,14.0,22.3,0.4,14.6,0.3,17.4,7.2,5.8,4.7,17.6,0.034
334,Hubert Davis,NJN,34,17,12,5,4.5,85.2,0.4,7.7,11.8,0.1,13.3,0.0,0.0,0.8,1.5,0.6,3.4,0.034
335,Dale Davis,POR,35,76,36,40,22.2,104.7,3.2,15.0,25.0,0.6,18.0,0.8,42.8,7.1,6.5,5.6,17.8,0.034
336,Donnell Harvey,PHX,23,60,17,43,13.2,101.6,1.9,14.3,25.1,0.4,17.6,0.5,35.1,5.3,4.3,3.9,11.1,0.034
337,Antoine Walker,DAL,27,82,52,30,34.6,106.5,5.9,17.0,26.4,0.8,14.1,0.8,21.2,10.2,9.4,10.7,32.9,0.034
338,Erick Strickland,MIL,30,43,21,22,13.3,101.8,1.3,10.2,16.9,0.6,31.0,0.0,3.3,4.2,4.4,3.7,10.7,0.034
339,John Wallace,MIA,30,37,16,21,9.9,99.1,1.3,13.5,21.4,0.1,10.2,0.2,28.6,3.9,2.2,3.2,7.7,0.034
340,Richie Frahm,SEA,26,54,23,31,8.5,98.1,0.8,9.8,16.3,0.3,15.7,0.1,7.7,3.0,2.5,2.6,7.2,0.033
341,Wesley Person,ATL,33,58,25,33,17.8,103.6,1.7,10.3,17.2,0.3,12.7,0.2,9.3,6.0,5.3,4.4,15.0,0.033
342,Jumaine Jones,BOS,25,42,18,24,8.8,98.4,1.0,11.6,19.7,0.3,17.4,0.2,31.0,3.8,2.3,2.1,6.3,0.033
343,Andrew DeClercq,ORL,31,71,17,54,17.0,103.6,2.6,15.8,24.9,0.7,27.8,0.5,36.0,5.5,5.5,4.2,14.3,0.033
344,Josh Howard,DAL,24,67,40,27,23.7,105.3,3.3,13.9,22.1,1.0,25.8,0.8,28.4,6.6,6.9,6.7,22.5,0.032
345,Gerald Wallace,SAC,21,37,24,13,9.1,98.5,1.1,11.6,19.7,0.4,21.9,0.4,42.4,3.0,2.9,2.1,6.9,0.032
346,Luke Ridnour,SEA,23,69,29,40,16.1,103.5,1.1,7.0,11.6,0.8,25.6,0.1,6.4,5.7,4.7,4.5,13.2,0.032
347,Matt Carroll,SAS,23,16,7,9,4.1,89.9,0.3,6.9,11.6,0.1,5.9,0.0,0.0,1.2,1.4,1.6,3.5,0.031
348,Qyntel Woods,POR,23,62,31,31,10.7,100.9,1.5,14.5,23.7,0.3,21.1,0.2,26.9,4.5,3.3,2.9,9.2,0.031
349,Ira Newble,CLE,29,64,28,36,19.5,104.6,1.4,7.3,11.3,0.4,14.0,0.3,11.1,7.4,5.5,5.9,16.4,0.031
350,Calvin Booth,SEA,28,71,31,40,16.9,104.1,2.7,15.6,27.4,0.2,9.4,1.4,64.7,6.4,6.1,4.9,13.1,0.030
351,Gary Trent,MIN,29,68,45,23,15.0,103.4,2.0,13.1,20.4,0.2,9.2,0.3,16.8,4.4,4.2,4.5,11.6,0.030
352,Anthony Goldwire,NJN,32,11,8,3,7.6,97.5,0.5,7.7,12.0,0.5,55.6,0.0,0.0,1.8,2.1,1.4,5.3,0.030
353,Alton Ford,HOU,23,9,4,5,4.5,89.7,0.9,21.1,34.8,0.0,0.0,0.1,50.0,1.3,1.9,0.8,2.2,0.030
354,Reggie Evans,SEA,24,75,33,42,17.1,104.1,3.4,21.5,36.0,0.7,22.2,0.1,11.1,6.0,5.0,5.0,14.5,0.030
355,Dajuan Wagner,CLE,21,44,23,21,16.1,103.8,1.1,6.8,10.6,0.6,27.1,0.2,7.5,4.7,4.7,4.8,12.7,0.029
356,Steven Smith,NOH,35,71,32,39,13.0,102.6,0.8,6.6,10.7,0.2,10.1,0.1,7.1,4.4,3.3,3.2,10.4,0.029
357,Steve Nash,DAL,30,78,50,28,33.5,106.9,2.2,6.6,10.1,0.9,15.5,0.1,2.9,10.1,9.3,10.6,32.1,0.029
358,Kevin Willis,SAS,41,48,32,16,7.7,98.7,1.3,16.4,26.6,0.4,26.6,0.2,36.0,2.3,2.3,2.5,7.1,0.029
359,Rick Brunson,CHI,32,40,11,29,10.2,101.1,0.7,7.7,12.8,0.6,26.9,0.1,10.0,3.4,2.9,2.7,8.3,0.028
360,Adonal Foyle,GSW,29,44,21,23,13.1,102.7,2.6,19.7,31.4,0.1,7.4,1.0,70.8,5.0,4.5,3.4,11.5,0.028
361,Chris Kaman,LAC,22,82,28,54,22.6,105.6,4.1,18.3,29.4,0.3,8.8,0.9,40.6,9.2,7.6,4.8,20.3,0.028
362,Nikoloz Tskitishvili,DEN,21,39,21,18,7.8,98.6,1.0,13.2,21.5,0.2,10.5,0.2,30.8,2.8,2.2,2.5,7.4,0.028
363,Jonathan Bender,IND,23,21,17,4,12.8,102.8,1.5,11.9,19.9,0.2,10.9,0.5,33.3,5.6,4.0,3.5,10.3,0.028
364,Keyon Dooling,LAC,24,58,16,42,19.5,105.1,1.1,5.5,8.8,0.8,25.1,0.1,5.4,6.9,5.8,4.4,17.6,0.028
365,Dan Dickau,POR,25,43,16,27,6.8,97.9,0.4,6.7,10.7,0.4,32.1,0.0,0.0,2.8,2.0,2.0,5.1,0.027
366,Brent Barry,SEA,32,59,30,29,30.6,106.8,3.1,10.4,17.2,1.4,27.8,0.3,8.3,11.3,9.8,8.8,24.8,0.027
367,Marcus Haislip,MIL,23,31,14,17,8.5,100.4,1.0,11.6,19.2,0.2,13.3,0.4,38.7,2.9,3.4,2.9,7.2,0.026
368,Sean Rooks,ORL,34,55,22,33,10.7,102.1,1.3,12.8,22.1,0.3,11.5,0.2,26.3,3.4,3.5,2.2,8.5,0.026
369,Elton Brand,LAC,25,69,22,47,38.8,107.4,6.4,17.0,27.2,0.9,15.8,2.2,55.8,15.8,11.5,9.0,34.1,0.026
370,Britton Johnsen,ORL,24,20,4,16,14.6,104.0,1.5,11.0,19.0,0.4,17.5,0.1,8.3,5.2,4.9,3.4,11.7,0.025
371,Cherokee Parks,GSW,31,12,7,5,4.9,95.1,0.5,10.9,17.1,0.0,0.0,0.3,50.0,1.3,1.3,1.3,4.0,0.025
372,Michael Bradley,ATL,25,16,4,12,6.1,97.4,1.1,18.9,33.3,0.2,18.8,0.0,0.0,2.4,2.0,1.4,5.1,0.024
373,Chris Crawford,ATL,29,56,18,38,21.6,106.1,2.1,10.2,16.2,0.7,18.0,0.4,20.6,7.9,6.1,6.0,18.3,0.024
374,Omar Cook,POR,22,17,12,5,8.1,100.8,0.2,2.4,4.2,0.6,30.3,0.0,0.0,3.4,3.1,2.1,6.6,0.024
375,Ime Udoka,LAL,26,4,1,3,7.0,98.0,1.0,15.4,21.1,0.5,100,0.3,50.0,1.5,1.8,2.0,4.5,0.024
376,Antonio Daniels,SEA,29,71,29,42,21.3,106.1,1.7,7.9,13.5,0.6,18.8,0.1,4.4,7.1,7.1,5.7,17.2,0.023
377,Doug Overton,LAC,34,61,22,39,17.0,105.2,1.1,6.7,10.9,0.4,20.5,0.0,2.1,7.0,5.3,3.7,14.5,0.023
378,Tony Massenburg,SAC,36,59,44,15,13.3,104.1,2.2,17.0,28.1,0.2,11.4,0.3,30.0,4.2,4.5,3.6,12.2,0.023
379,Rod Strickland,TOR,37,61,19,42,19.7,106.1,2.0,10.5,17.3,0.6,20.0,0.2,10.7,6.3,5.6,5.7,17.3,0.023
380,Primoz Brezec,IND,24,18,11,7,3.9,92.9,0.6,15.4,19.6,0.0,0.0,0.2,50.0,1.7,0.7,2.1,3.1,0.023
381,Jake Tsakalidis,MEM,25,40,25,15,13.3,104.4,2.3,18.4,28.0,0.2,9.4,0.6,53.7,4.4,3.2,4.5,13.0,0.022
382,Darko Milicic,DET,19,34,29,5,4.7,95.4,0.9,19.5,32.3,0.2,29.2,0.4,65.2,1.3,1.6,0.8,2.6,0.022
383,Tony Delk,DAL,30,33,18,15,15.6,105.2,1.3,8.7,14.4,0.8,27.6,0.2,12.7,4.2,5.2,5.0,13.4,0.022
384,Jabari Smith,SAC,27,31,22,9,5.5,97.7,0.6,11.4,18.3,0.1,6.5,0.2,40.0,1.8,1.8,1.2,4.0,0.022
385,Nick Van Exel,GSW,32,39,14,25,32.2,107.5,2.3,7.2,11.0,0.5,13.6,0.1,1.9,10.0,8.6,8.4,25.7,0.021
386,Mark Pope,DEN,31,4,3,1,5.0,97.7,0.8,13.0,25.0,0.3,20.0,0.0,0.0,4.8,1.8,2.5,6.0,0.021
387,Dahntay Jones,MEM,23,20,13,7,7.7,101.3,0.8,10.4,17.6,0.3,18.5,0.3,20.7,2.9,2.2,2.3,5.8,0.021
388,Josh Davis,ATL,23,4,2,2,5.6,100.0,1.0,19.0,26.7,0.0,0.0,0.0,0.0,4.0,1.0,2.8,7.5,0.020
389,Sean Lampley,GSW,24,10,3,7,6.1,100.0,0.9,13.6,20.5,0.0,0.0,0.1,16.7,2.3,1.2,1.8,4.2,0.020
390,James Jones,IND,23,6,3,3,4.3,95.9,0.3,9.5,14.3,0.2,14.3,0.0,0.0,0.8,1.2,0.5,3.3,0.019
391,Chris Whitney,WAS,32,16,3,13,11.5,104.2,0.8,6.8,11.0,0.4,18.8,0.1,9.5,4.5,3.3,5.4,10.3,0.019
392,Bimbo Coles,MIA,36,22,6,16,7.6,101.9,0.4,5.2,8.2,0.1,15.8,0.0,0.0,3.1,1.9,2.3,5.5,0.019
393,Eddie House,LAC,26,60,16,44,19.7,106.7,1.8,9.8,16.0,1.1,34.2,0.1,4.3,7.5,5.8,4.7,17.2,0.018
394,Zarko Cabarkapa,PHX,23,49,20,29,11.7,105.0,1.5,12.4,21.3,0.2,10.6,0.3,24.5,5.5,3.7,3.2,10.6,0.017
395,Mamadou N'diaye,ATL,29,28,11,17,13.2,105.6,2.5,18.3,33.2,0.3,11.3,0.9,67.6,4.5,4.4,4.1,11.0,0.017
396,Eddie Gill,POR,25,22,12,10,7.0,101.8,0.6,9.6,17.1,0.4,25.7,0.0,4.8,2.6,2.4,1.4,5.1,0.017
397,Danny Fortson,DAL,28,56,34,22,11.1,104.8,2.4,22.3,33.5,0.2,12.9,0.2,15.7,3.7,2.6,3.5,10.3,0.017
398,Quincy Lewis,MIN,27,14,9,5,4.5,100.0,0.4,8.7,16.7,0.1,25.0,0.1,22.2,1.5,2.3,1.0,3.6,0.016
399,Kendrick Perkins,BOS,19,10,4,6,3.5,97.4,0.9,26.5,37.5,0.0,0.0,0.2,100,1.4,0.5,0.9,2.8,0.015
400,Scottie Pippen,CHI,38,23,3,20,17.9,107.0,2.1,12.0,19.7,0.9,28.4,0.4,23.1,7.5,4.8,4.7,13.7,0.015
401,Zeljko Rebraca,ATL,32,24,9,15,11.2,105.4,1.5,13.8,24.0,0.2,14.7,0.5,35.5,3.7,3.4,2.8,9.6,0.014
402,Michael Stewart,BOS,29,25,8,17,5.9,102.9,0.8,15.2,21.9,0.1,10.0,0.4,55.6,2.4,1.4,1.9,5.0,0.013
403,Bryce Drew,NOH,29,15,9,6,5.1,102.5,0.4,9.0,14.3,0.3,21.1,0.0,0.0,2.5,1.2,2.4,4.3,0.013
404,Brandon Armstrong,NJN,24,56,31,25,7.6,104.5,0.6,8.1,13.0,0.2,19.4,0.0,5.9,3.5,2.1,1.9,5.8,0.012
405,Randy Livingston,LAC,29,4,0,4,12.1,106.5,1.3,8.6,15.2,0.5,50.0,0.0,0.0,4.3,4.3,3.5,9.0,0.012
406,Predrag Drobnjak,LAC,28,61,20,41,15.6,107.2,2.3,15.7,24.7,0.4,16.1,0.4,33.3,5.9,5.0,4.1,14.8,0.012
407,DerMarr Johnson,NYK,24,21,11,10,13.5,106.9,1.6,12.6,21.3,0.4,18.6,0.3,25.0,4.9,3.5,3.4,10.1,0.011
408,Adrian Griffin,HOU,29,19,13,6,6.4,105.3,0.9,14.3,22.8,0.4,35.0,0.1,20.0,2.3,1.5,1.8,4.6,0.009
409,Lee Nailon,CLE,29,57,22,35,13.7,107.4,1.4,10.8,17.4,0.3,16.0,0.1,11.8,5.3,3.9,4.0,11.9,0.009
410,Tamar Slay,NJN,24,22,11,11,7.2,106.0,0.7,10.6,17.2,0.3,21.2,0.0,16.7,3.5,2.1,1.5,5.3,0.008
411,Matt Barnes,LAC,24,38,11,27,19.0,108.2,2.6,14.1,23.0,0.7,26.0,0.1,5.2,8.0,5.8,6.1,17.6,0.008
412,Cezary Trybanski,NYK,24,7,2,5,1.8,96.2,0.1,10.0,16.7,0.1,25.0,0.1,25.0,0.6,0.0,0.6,1.4,0.008
413,Mengke Bateer,TOR,28,7,2,5,5.6,105.3,0.4,8.8,14.3,0.1,20.0,0.0,0.0,2.4,1.0,1.3,3.7,0.008
414,Steven Hunter,ORL,22,59,13,46,13.4,107.8,2.0,14.2,24.4,0.1,6.5,1.2,73.0,5.1,4.6,4.1,12.0,0.007
415,Ben Handlogten,UTA,30,17,9,8,10.1,107.4,1.9,21.4,34.7,0.2,15.0,0.2,21.1,4.1,2.6,2.6,7.6,0.007
416,Slavko Vranes,POR,21,1,0,1,2.8,100.0,0.0,0.0,0.0,0.0,0.0,0.0,0.0,0.0,2.0,0.0,4.0,0.007
417,Charles Oakley,HOU,40,7,2,5,3.4,105.5,0.7,20.0,41.7,0.0,0.0,0.0,0.0,1.0,1.7,1.1,1.7,0.006
418,Ndudi Ebi,MIN,20,17,14,3,1.9,101.6,0.1,2.6,4.8,0.0,0.0,0.2,66.7,0.6,1.1,0.2,1.5,0.005
419,Marquis Daniels,DAL,23,56,32,24,18.5,108.7,1.4,7.8,12.0,0.9,29.6,0.2,10.6,6.1,4.6,5.9,17.5,0.005
420,Juwan Howard,ORL,31,81,21,60,35.6,109.1,4.9,14.4,23.2,0.7,13.6,0.3,10.6,12.2,10.7,11.0,33.8,0.005
421,Rodney Buford,SAC,26,22,14,8,6.3,107.3,0.4,6.3,10.6,0.3,23.1,0.0,9.1,3.0,1.9,2.9,6.3,0.005
422,Vitaly Potapenko,SEA,29,65,29,36,21.9,108.9,2.9,14.3,22.9,0.3,10.3,0.4,25.7,7.9,6.4,5.9,18.3,0.004
423,Keith Bogans,ORL,24,73,19,54,24.5,109.1,2.9,12.2,20.0,0.6,18.5,0.1,8.2,8.8,8.1,7.6,22.5,0.003
424,Tierre Brown,NOH,25,3,0,3,6.1,109.1,0.3,5.6,14.3,0.0,0.0,0.0,0.0,3.7,2.0,2.3,5.3,0.001
425,Tracy Murray,POR,32,7,4,3,5.0,109.4,0.3,5.0,8.0,0.1,50.0,0.0,0.0,2.4,1.7,1.4,4.9,0.000
426,Tyrone Hill,MIA,36,5,0,5,7.5,109.7,0.6,8.3,14.3,0.0,0.0,0.2,25.0,2.4,2.2,1.6,6.0,-0.001
427,Maciej Lampe,PHX,19,21,9,12,10.7,109.7,1.7,15.2,24.8,0.1,11.1,0.1,20.0,5.1,4.5,3.8,9.8,-0.001
428,Alan Henderson,ATL,31,6,2,4,11.3,110.1,1.7,14.1,27.8,0.2,12.5,0.3,50.0,5.7,2.2,3.0,9.0,-0.002
429,Travis Outlaw,POR,19,8,1,7,2.3,111.9,0.3,11.8,25.0,0.1,50.0,0.0,0.0,0.5,0.5,1.0,2.8,-0.002
430,Tracy McGrady,ORL,25,67,19,48,40.1,109.8,4.6,11.7,19.2,1.4,24.8,0.6,18.9,13.3,13.2,11.3,37.8,-0.004
431,Tyronn Lue,ORL,27,76,17,59,30.7,110.0,2.1,7.1,11.7,0.8,20.0,0.1,2.8,10.9,10.0,9.2,29.5,-0.005
432,Drew Gooden,ORL,22,79,20,59,27.1,110.2,4.5,17.5,29.8,0.8,20.8,0.9,39.6,9.9,8.8,7.9,26.1,-0.006
433,Jerry Stackhouse,WAS,29,26,8,18,29.8,110.3,3.0,10.5,17.3,0.9,18.3,0.1,3.8,13.8,10.3,12.8,27.8,-0.007
434,Kaniel Dickens,POR,25,3,2,1,4.4,114.8,0.0,0.0,0.0,0.0,0.0,0.0,0.0,1.7,0.7,2.7,6.7,-0.008
435,Popeye Jones,GSW,34,5,3,2,2.0,121.7,0.0,0.0,0.0,0.0,0.0,0.0,0.0,1.0,2.2,0.0,2.0,-0.010
436,Ruben Boumtje-Boumtje,POR,26,9,3,6,2.8,124.5,0.1,5.6,10.0,0.0,0.0,0.1,100,0.6,0.9,0.4,2.9,-0.014
437,Rusty LaRue,GSW,30,4,0,4,4.8,123.1,0.8,17.6,27.3,0.5,66.7,0.0,0.0,2.5,1.0,0.8,5.5,-0.022
438,Damone Brown,NJN,25,3,2,1,5.4,132.4,0.7,15.4,28.6,0.7,66.7,0.0,0.0,4.3,2.3,1.3,8.7,-0.044
439,Mateen Cleaves,CLE,26,4,0,4,22.8,116.1,1.5,6.9,12.2,1.0,28.6,0.5,25.0,10.0,11.8,5.0,24.5,-0.050
440,Pat Garrity,ORL,27,2,0,2,10.6,131.6,0.0,0.0,0.0,0.0,0.0,0.0,0.0,7.0,5.0,4.0,7.0,-0.070
441,Dana Barros,BOS,37,1,1,0,10.9,160.0,0.0,0.0,0.0,0.0,0.0,0.0,0.0,0.0,8.0,6.0,14.0,-0.205
